X (s);Y (mol/L)
0,0;0,9948000794687976
2,0;0,8526360569732473
4,0;0,725306531172342
6,0;0,6019536383665816
8,0;0,5127588058586989
10,0;0,4414388415732338
12,0;0,3726064605426455
14,0;0,31755784878204485
16,0;0,26537580522399723
18,0;0,23329088796302985
20,0;0,1981932819110762
22,0;0,16527194509535056
24,0;0,14565262103744828
26,0;0,12119521328025763
28,0;0,09659988545997733
30,0;0,08749302912557387
32,0;0,06791186928441198
34,0;0,06611143677180498
36,0;0,05214278702731611
38,0;0,04355076191388418
40,0;0,03434952191676777
42,0;0,038161609719724446
44,0;0,02643314720836263
46,0;0,020952919234180113
48,0;0,01784392871774143
50,0;0,019303570296333103
52,0;0,015954365224047355
54,0;0,014055967519778405
56,0;0,012334178009250777
58,0;0,019349937062077008
60,0;0,005303723261246393
62,0;0,0036660267355190794
64,0;0,0012173398429839444
66,0;0,007567269619393845
68,0;0,00945411929341301
70,0;0,002663879977260482
72,0;-0,0014558170694848904
74,0;-0,0017922494879834931
76,0;0,005230996122555694
78,0;0,005395390334378014
80,0;0,004141148666640317
82,0;-0,0021175688148494425
84,0;0,0021879388005262602
86,0;0,0014553449191934817
88,0;0,001833598244480312
90,0;0,004985449700884639
92,0;0,00165133636902382
94,0;0,003847327312370202
96,0;0,0007222355502031526
98,0;0,0017718571656426094
100,0;0,0034333981042766583
