X (mL);Y (pH)
0,0;0,9251482416939611
0,25;0,9441445078494906
0,5;0,9551232731960643
0,75;0,9506802850141031
1,0;0,9639290727246432
1,25;0,9810758471144009
1,5;0,9888469276115052
1,75;1,0003330977562215
2,0;1,0061409572105502
2,25;1,0247949933750429
2,5;1,034284190564886
2,75;1,0407306684736992
3,0;1,0560527306458138
3,25;1,0627834924306392
3,5;1,0661950234636715
3,75;1,082399632141746
4,0;1,0858474740084523
4,25;1,1051445628378855
4,5;1,1106403608499986
4,75;1,1201334966893657
5,0;1,1278540524240124
5,25;1,1476083621596338
5,5;1,1509990784800637
5,75;1,1599483909181503
6,0;1,1706930921359373
6,25;1,1855277333379892
6,5;1,195157891699117
6,75;1,2059143277835722
7,0;1,216583827319895
7,25;1,2357797471389622
7,5;1,2337477341253127
7,75;1,2439973212496953
8,0;1,2533428733831604
8,25;1,271423512799458
8,5;1,2850033933269591
8,75;1,2898912826652336
9,0;1,2974550189123482
9,25;1,308825392727549
9,5;1,3275951167599698
9,75;1,3395605091889573
10,0;1,3501754550644876
10,25;1,3558668426549618
10,5;1,372215365692564
10,75;1,3836301353338993
11,0;1,3962711420808125
11,25;1,4118119244843002
11,5;1,4210035808727284
11,75;1,435872831931396
12,0;1,4455792410034802
12,25;1,459629555455187
12,5;1,4744722318148133
12,75;1,477361383224086
13,0;1,4965907299039647
13,25;1,5096014716924384
13,5;1,5227581304317939
13,75;1,5388244624963006
14,0;1,5621855578890114
14,25;1,5651710816852602
14,5;1,5894266642124018
14,75;1,591569947926428
15,0;1,6140427878301025
15,25;1,6326194399844827
15,5;1,6512044152598242
15,75;1,6687020743840035
16,0;1,6864186791524038
16,25;1,6984788933027528
16,5;1,7161803793384467
16,75;1,7415888870183722
17,0;1,755729113731885
17,25;1,7703210803863594
17,5;1,7917274913734886
17,75;1,814231701986595
18,0;1,8435585111774113
18,25;1,8649148791796202
18,5;1,8917604783703952
18,75;1,9113550201523144
19,0;1,9406645135155214
19,25;1,9707175049918493
19,5;1,9952632203481355
19,75;2,030014537210381
20,0;2,0572808318759304
20,25;2,093866300301114
20,5;2,131458194993552
20,75;2,1681256281010532
21,0;2,2209209998983144
21,25;2,264943303393127
21,5;2,3216382264283855
21,75;2,3852348348260506
22,0;2,455478251348764
22,25;2,5395590096993885
22,5;2,637060149287336
22,75;2,7660200363335865
23,0;2,9526246806884373
23,25;3,267484582786259
23,479120971119265;6,992764437637884
23,5;9,674609425127835
23,75;10,78681110362577
24,0;11,07528307039369
24,25;11,236545562333989
24,5;11,358723459609372
24,75;11,459807315722626
25,0;11,52710083827861
25,25;11,596257889550035
25,5;11,642860832309179
25,75;11,694775713686859
26,0;11,734044063583248
26,25;11,775810663421108
26,5;11,81688192219653
26,75;11,836246265115715
27,0;11,876725364102661
27,25;11,903229465544653
27,5;11,92465664788604
27,75;11,944313605227917
28,0;11,974342296411804
28,25;11,992453623482255
28,5;12,016201400271996
28,75;12,034017689634897
29,0;12,059821045633386
29,25;12,067638957636806
29,5;12,079937215110318
29,75;12,101431716029941
30,0;12,116436122641955
30,25;12,136304926402703
30,5;12,14727566825363
30,75;12,157935227749524
31,0;12,176014941613639
31,25;12,174832463266942
31,5;12,189215979661054
31,75;12,199008434996568
32,0;12,212532007026695
32,25;12,218073395598504
32,5;12,238265310258578
32,75;12,243787336778132
33,0;12,247047146039824
33,25;12,258536128908778
33,5;12,274119606628691
33,75;12,285419778363007
34,0;12,299641921674139
34,25;12,312420718040846
34,5;12,307891780266159
34,75;12,30862597439347
35,0;12,310462695597469
35,25;12,329815171379153
35,5;12,33157853809788
35,75;12,340554016672357
36,0;12,346386308615735
36,25;12,355394309889853
36,5;12,36792175742938
36,75;12,369719067346233
37,0;12,37433689733128
37,25;12,376007903451907
37,5;12,378733982857108
37,75;12,390467196633425
38,0;12,398296001089593
38,25;12,412950061230033
38,5;12,410190855060229
38,75;12,419769863438741
39,0;12,417567824367167
39,25;12,41924282697065
39,5;12,425343791610196
39,75;12,431446976250013
40,0;12,450524249454824
